{
  "mu": [
    3.520491123199463,
    1.0920850038528442
  ],
  "alpha": [
    107.2010269165039,
    23.964214324951172
  ],
  "gap": [
    0.040853213518857956,
    0.002841586247086525
  ]
}