{
  "mu": [
    3.510108709335327,
    1.6350473165512085
  ],
  "alpha": [
    104.10128021240234,
    13.095171928405762
  ],
  "gap": [
    0.06689426302909851,
    0.00961185060441494
  ]
}