{
  "mu": [
    3.3755552768707275,
    1.7375156879425049
  ],
  "alpha": [
    102.61573791503906,
    13.296607971191406
  ],
  "gap": [
    0.07884684950113297,
    0.00975088868290186
  ]
}