{
  "mu": [
    3.4526307582855225,
    1.7832962274551392
  ],
  "alpha": [
    104.29448699951172,
    12.984137535095215
  ],
  "gap": [
    0.07227807492017746,
    0.00997104775160551
  ]
}