{
  "mu": [
    2.7066869735717773,
    1.5250959396362305
  ],
  "alpha": [
    93.0805435180664,
    11.038073539733887
  ],
  "gap": [
    0.23492233455181122,
    0.05531157925724983
  ]
}